configurationID,no_8x8dct,no_asm,no_cabac,no_deblock,no_fast_pskip,no_mbtree,no_mixed_refs,no_weightb,rc_lookahead,ref,size,usertime,systemtime,elapsedtime,cpu,frames,fps,kbs
1,0,8,1:0:0,0x3:0x133,umh,4,0,24,2,1,0,0,8,1,2,None,None,None,0,0,60,1,69,1,6135476,23.23, 0.88, 0:03.13, 769, 499 , 169.59 , 2459.11
101,0,8,1:0:0,0x3:0x133,umh,9,0,24,2,1,0,0,0,1,2,None,None,None,0,0,60,0,69,1,122241038,739.38, 92.44, 0:49.06, 1695, 600 , 13.34 , 48847.57
102,0,8,1:0:0,0x3:0x133,umh,9,0,16,2,1,0,0,0,None,2,None,None,None,0,0,60,0,69,1,3269513,27.51, 0.85, 0:03.46, 818, 499 , 160.61 , 1310.43
103,0,8,1:0:0,0x3:0x133,umh,9,0,24,2,1,0,0,0,1,2,None,None,None,0,0,20,0,69,1,33558292,167.94, 2.03, 0:12.73, 1334, 599 , 49.53 , 13432.29
104,0,8,1:0:0,0x3:0x113,umh,9,0,24,2,1,0,0,0,1,2,None,None,None,0,None,60,0,69,1,33149858,153.60, 1.44, 0:11.73, 1321, 499 , 44.49 , 13286.52
105,0,8,1:0:0,0x3:0x133,umh,9,0,24,2,1,0,0,0,1,2,None,None,None,0,0,60,1,69,1,8526865,29.49, 0.39, 0:06.02, 495, 500 , 84.47 , 3410.75
106,0,8,1:0:0,0x3:0x113,umh,9,0,16,2,1,0,0,0,None,2,None,None,None,0,0,60,0,69,0,62940677,287.86, 37.80, 0:23.48, 1386, 480 , 22.51 , 25151.12
107,0,8,1:0:0,0x3:0x133,umh,9,0,24,2,1,0,0,0,1,2,None,None,None,0,0,60,0,69,1,794342,9.01, 0.41, 0:02.12, 443, 599 , 307.22 , 317.95
108,0,8,1:0:0,0x3:0x113,umh,9,0,24,2,1,0,0,0,1,2,None,None,None,0,0,60,0,69,1,208291560,1104.77, 92.53, 1:14.73, 1602, 1196 , 17.78 , 83372.28
109,0,8,1:0:0,0x3:0x133,umh,9,0,24,2,1,0,0,0,None,2,None,None,None,0,0,60,0,69,1,4205091,54.51, 1.03, 0:06.48, 856, 599 , 98.49 , 1684.84
110,0,8,1:0:0,0x3:0x133,umh,9,0,24,2,1,0,0,0,1,2,None,None,None,0,None,60,0,69,1,10856363,75.37, 0.84, 0:07.77, 980, 600 , 80.81 , 4342.54
11,0,8,1:0:0,0x3:0x113,umh,9,0,24,2,1,0,0,0,1,2,None,None,None,0,0,60,0,69,1,27998253,118.67, 1.81, 0:08.45, 1424, 600 , 77.17 , 11188.11
111,0,8,1:0:0,0x3:0x133,umh,9,0,24,2,1,0,0,0,1,2,None,None,None,0,0,60,1,69,1,7049153,38.48, 0.92, 0:05.78, 681, 499 , 91.35 , 2825.31
112,0,8,1:0:0,0x3:0x133,umh,9,0,24,2,1,0,0,0,1,2,None,None,None,0,0,60,0,69,1,1372925,11.30, 0.38, 0:02.07, 563, 600 , 313.31 , 548.62
113,0,8,1:0:0,0x3:0x133,umh,9,0,24,2,1,0,0,0,1,2,None,None,None,0,0,60,0,69,1,7670125,33.39, 0.93, 0:06.28, 546, 600 , 101.35 , 3068.05
114,0,8,1:0:0,0x3:0x133,umh,9,0,24,2,1,0,0,0,None,2,None,None,None,0,None,60,0,69,0,1247086,12.90, 0.93, 0:02.50, 553, 599 , 285.88 , 502.27
115,0,8,1:0:0,0x3:0x133,umh,9,0,24,2,1,0,0,0,1,2,None,None,None,0,0,60,0,69,1,8273507,83.85, 1.63, 0:07.03, 1214, 600 , 93.92 , 3306.10
116,0,8,1:0:0,0x3:0x133,umh,9,0,16,2,1,0,0,0,1,2,None,None,None,0,0,60,0,69,1,10127750,84.63, 1.61, 0:06.47, 1332, 499 , 85.17 , 4059.22
117,0,8,1:0:0,0x3:0x133,umh,9,0,24,2,1,0,0,0,None,2,None,None,None,0,None,60,0,69,1,8474756,80.84, 1.77, 0:06.51, 1268, 599 , 103.55 , 3395.56
118,0,8,1:0:0,0x3:0x113,umh,9,0,16,2,1,0,0,0,1,2,None,None,None,0,0,60,0,69,1,45272095,394.13, 11.17, 0:22.64, 1789, 600 , 29.42 , 18090.75
119,0,8,1:0:0,0x3:0x133,umh,9,0,24,2,1,0,0,0,None,2,None,None,None,0,0,60,0,69,1,13358898,140.90, 2.65, 0:06.85, 2093, 599 , 96.86 , 5325.72
120,0,8,1:0:0,0x3:0x133,umh,9,0,24,2,1,0,0,0,1,2,None,None,None,0,0,60,0,69,1,2195680,11.76, 0.26, 0:03.07, 391, 599 , 203.53 , 879.74
12,0,8,1:0:0,0x3:0x133,umh,9,0,16,2,1,0,0,0,1,2,None,None,None,0,0,60,0,69,1,25830519,274.40, 46.06, 0:34.17, 937, 600 , 19.42 , 10321.89
121,0,8,1:0:0,0x3:0x133,umh,9,0,24,2,1,0,0,0,None,2,None,None,None,0,None,60,0,69,0,60959,6.88, 0.90, 0:01.87, 414, 599 , 405.77 , 24.40
122,0,8,1:0:0,0x3:0x133,umh,9,0,24,2,1,0,0,0,1,2,None,None,None,0,None,60,0,69,1,30811882,98.32, 0.99, 0:09.97, 995, 599 , 62.54 , 12345.33
123,0,8,1:0:0,0x3:0x133,umh,9,0,24,2,1,0,0,0,1,2,None,None,None,0,0,60,0,69,1,2195407,13.24, 0.36, 0:02.51, 541, 600 , 252.78 , 877.29
124,0,8,1:0:0,0x3:0x133,umh,9,0,24,2,1,0,0,0,1,2,None,None,None,0,0,60,0,69,1,1936217,18.21, 0.39, 0:03.12, 595, 599 , 202.16 , 775.78
125,0,8,1:0:0,0x3:0x133,umh,9,0,24,2,1,0,0,0,1,2,None,None,None,0,0,60,0,69,1,10863159,41.46, 0.55, 0:08.06, 520, 600 , 76.07 , 4340.92
126,0,8,1:0:0,0x3:0x133,umh,9,0,24,2,1,0,0,0,1,2,None,None,None,0,0,60,0,69,1,3166693,27.96, 0.62, 0:04.09, 697, 599 , 151.83 , 1268.79
127,0,8,1:0:0,0x3:0x133,umh,9,0,24,2,1,0,0,0,1,2,None,None,None,0,0,60,0,69,1,2910332,14.14, 0.59, 0:02.61, 564, 400 , 170.43 , 1164.13
128,0,8,1:0:0,0x3:0x133,umh,9,0,24,2,1,0,0,0,None,2,None,None,None,0,None,60,0,69,1,659749,8.74, 0.29, 0:02.20, 409, 599 , 288.71 , 264.08
129,0,8,1:0:0,0x3:0x133,umh,9,0,16,2,1,0,0,0,None,2,None,None,None,0,0,60,0,69,0,1772488,40.32, 1.59, 0:04.86, 862, 599 , 142.77 , 709.47
130,0,8,1:0:0,0x3:0x133,umh,9,0,24,2,1,0,0,0,1,2,None,None,None,0,0,60,0,69,0,123254730,581.05, 96.58, 0:36.53, 1854, 600 , 17.64 , 49252.64
13,0,8,1:0:0,0x3:0x133,umh,9,0,24,2,1,0,0,0,1,2,None,None,None,0,0,60,0,69,1,3702488,23.04, 0.51, 0:04.20, 560, 500 , 124.14 , 1481.00
131,0,8,1:0:0,0x3:0x133,umh,9,0,24,2,1,0,0,0,1,2,None,None,None,0,0,60,0,69,1,20076515,83.02, 1.45, 0:09.04, 934, 499 , 58.63 , 8046.70
132,0,8,1:0:0,0x3:0x113,umh,4,0,16,2,1,0,0,0,1,2,None,None,None,0,None,20,0,69,1,30056927,56.82, 1.89, 0:05.22, 1124, 600 , 132.86 , 12010.76
133,0,8,1:0:0,0x3:0x113,umh,4,0,16,2,1,0,0,0,1,2,None,None,None,0,0,20,0,69,1,5209304,22.12, 1.00, 0:03.29, 702, 499 , 168.71 , 2087.90
134,0,8,1:0:0,0x3:0x133,umh,9,0,24,2,1,0,0,0,1,2,None,None,None,0,0,60,0,69,1,9850193,61.55, 0.91, 0:07.60, 821, 599 , 82.71 , 3942.71
135,0,8,1:0:0,0x3:0x133,umh,9,0,24,2,1,0,0,0,1,2,None,None,None,0,0,60,0,69,1,1579801,11.14, 0.29, 0:01.87, 609, 599 , 339.50 , 632.34
136,0,8,1:0:0,0x3:0x113,umh,4,0,24,2,1,1,0,8,1,2,None,None,None,0,0,20,1,69,1,20376764,135.37, 3.19, 0:12.17, 1138, 480 , 41.23 , 8150.71
137,0,8,1:0:0,0x3:0x133,umh,9,0,24,2,1,0,0,0,1,2,None,None,None,0,0,60,0,69,1,841054,7.77, 0.25, 0:01.76, 455, 599 , 366.77 , 336.65
138,0,8,1:0:0,0x3:0x133,umh,9,0,24,2,1,0,0,0,None,2,None,None,None,0,None,60,0,69,1,8275662,93.62, 1.65, 0:08.29, 1148, 600 , 78.73 , 3306.96
139,0,8,1:0:0,0x3:0x133,umh,4,0,24,2,1,1,0,8,1,2,None,None,None,0,0,20,1,69,1,12683201,24.26, 0.67, 0:03.05, 816, 600 , 206.97 , 5073.28
140,0,8,1:0:0,0x3:0x113,umh,9,0,16,2,1,0,0,0,1,2,None,None,None,0,0,60,0,69,1,16405367,159.90, 1.42, 0:10.95, 1472, 600 , 57.85 , 6562.15
14,0,8,1:0:0,0x3:0x113,umh,4,0,16,2,1,0,0,0,1,2,None,None,None,0,0,20,0,69,1,44803340,258.25, 18.69, 1:08.49, 404, 480 , 8.93 , 17903.43
141,0,8,1:0:0,0x3:0x133,umh,9,0,24,2,1,0,0,0,None,2,None,None,None,0,0,60,0,69,0,604065,7.40, 0.33, 0:02.02, 381, 600 , 327.05 , 241.63
142,0,8,1:0:0,0x3:0x133,umh,9,0,24,2,1,0,0,0,1,2,None,None,None,0,0,60,0,69,1,4432701,23.36, 0.38, 0:04.15, 571, 599 , 150.21 , 1774.27
143,0,8,1:0:0,0x3:0x133,umh,9,0,24,2,1,0,0,0,1,2,None,None,None,0,0,60,0,69,1,110881,1.85, 0.17, 0:00.54, 370, 500 , 1138.00 , 44.35
144,0,8,1:0:0,0x3:0x133,umh,9,0,24,2,1,0,0,0,1,2,None,None,None,0,0,60,0,69,1,1311781,9.83, 0.30, 0:02.23, 453, 599 , 288.00 , 525.06
145,0,8,1:0:0,0x3:0x113,umh,9,0,24,2,1,0,-2,0,1,2,None,None,None,0,None,60,0,69,1,14887241,140.23, 1.86, 0:09.05, 1568, 599 , 71.41 , 5958.88
146,0,8,1:0:0,0x3:0x133,umh,9,0,16,2,1,0,0,0,None,2,None,None,None,0,0,60,0,69,1,3626622,52.00, 1.38, 0:05.06, 1054, 600 , 130.62 , 1449.20
147,0,8,1:0:0,0x3:0x133,umh,9,0,24,2,1,0,0,0,1,2,None,None,None,0,0,60,0,69,1,1968845,15.92, 0.37, 0:02.31, 704, 600 , 279.69 , 786.75
148,0,8,1:0:0,0x3:0x133,umh,9,0,24,2,1,0,0,0,1,2,None,None,None,0,0,60,0,69,1,2324453,19.58, 0.42, 0:03.20, 625, 599 , 197.58 , 930.40
149,0,8,1:0:0,0x3:0x133,umh,9,0,24,2,1,0,0,0,1,2,None,None,None,0,0,60,0,69,0,1214766,15.25, 0.32, 0:02.93, 530, 600 , 213.90 , 485.42
150,0,8,1:0:0,0x3:0x133,umh,9,0,24,2,1,0,0,0,1,2,None,None,None,0,0,60,0,69,1,18965009,101.95, 1.44, 0:11.08, 933, 480 , 45.36 , 7578.42
15,0,8,1:0:0,0x3:0x133,umh,9,0,24,2,1,0,0,0,None,2,None,None,None,0,None,60,0,69,1,4152672,32.28, 0.71, 0:03.73, 884, 499 , 146.77 , 1664.40
151,0,8,1:0:0,0x3:0x133,umh,9,0,24,2,1,0,0,0,1,2,None,None,None,0,0,60,0,69,1,1954210,10.94, 0.26, 0:02.38, 470, 599 , 268.91 , 782.99
152,0,8,1:0:0,0x3:0x133,umh,9,0,24,2,1,0,0,0,1,2,None,None,None,0,0,60,0,69,1,1932845,13.20, 0.33, 0:02.55, 531, 500 , 206.50 , 773.14
153,0,8,1:0:0,0x3:0x113,umh,9,0,24,2,1,0,0,0,1,2,None,None,None,0,None,60,0,69,1,28147909,212.90, 2.20, 0:09.11, 2359, 600 , 71.07 , 11259.16
154,0,8,1:0:0,0x3:0x133,umh,9,0,24,2,1,0,0,0,1,2,None,None,None,0,0,60,0,69,1,2098672,16.74, 0.30, 0:03.79, 449, 459 , 124.56 , 840.46
155,0,8,1:0:0,0x3:0x133,umh,9,0,24,2,1,0,0,0,1,2,None,None,None,0,0,60,0,69,1,2133699,11.97, 0.35, 0:02.32, 529, 500 , 227.65 , 853.48
156,0,8,1:0:0,0x3:0x113,umh,4,0,24,2,1,1,0,8,1,2,None,None,None,0,0,20,1,69,1,88412677,296.34, 7.62, 0:27.24, 1115, 1199 , 46.10 , 35359.21
157,0,8,1:0:0,0x3:0x113,umh,9,0,24,2,1,1,0,0,1,2,None,None,None,0,0,60,1,69,1,51279051,292.98, 3.09, 0:23.02, 1285, 1179 , 53.70 , 20529.02
158,0,8,1:0:0,0x3:0x133,umh,9,0,24,2,1,0,0,0,1,2,None,None,None,0,0,60,0,69,1,14731890,68.26, 1.55, 0:07.94, 879, 479 , 64.76 , 5899.16
159,0,8,1:0:0,0x3:0x133,umh,9,0,24,2,1,0,0,0,1,2,None,None,None,0,0,60,0,69,1,50358946,174.97, 17.32, 0:23.73, 810, 600 , 26.05 , 20123.46
160,0,8,1:0:0,0x3:0x133,umh,9,0,24,2,1,0,0,0,None,2,None,None,None,0,None,60,0,69,0,1847596,46.98, 16.11, 0:19.27, 327, 479 , 26.17 , 739.84
16,0,8,1:0:0,0x3:0x133,umh,9,0,24,2,1,0,0,0,1,2,None,None,None,0,0,60,0,69,1,3330721,19.98, 0.42, 0:03.24, 628, 600 , 194.24 , 1332.29
161,0,8,1:0:0,0x3:0x133,umh,9,0,24,2,1,0,0,0,1,2,None,None,None,0,0,60,0,69,1,3029331,30.88, 2.25, 0:05.08, 651, 600 , 126.83 , 1210.52
162,0,8,1:0:0,0x3:0x133,umh,9,0,24,2,1,0,0,0,1,2,None,None,None,0,0,60,0,69,1,3656437,47.69, 13.53, 0:13.85, 441, 599 , 45.34 , 1463.55
163,0,8,1:0:0,0x3:0x113,umh,4,0,24,2,1,1,0,8,1,2,None,None,None,0,0,20,1,69,1,4498596,18.07, 0.66, 0:02.95, 633, 576 , 206.46 , 1543.89
164,0,8,1:0:0,0x3:0x133,umh,9,0,24,2,1,0,0,0,None,2,None,None,None,0,None,60,0,69,1,10976837,123.69, 21.27, 0:21.01, 689, 958 , 47.84 , 7155.98
165,0,8,1:0:0,0x3:0x133,umh,9,0,16,2,1,0,0,0,1,2,None,None,None,0,0,60,0,69,1,54107530,747.91, 106.88, 1:20.42, 1062, 1200 , 15.89 , 21643.01
166,0,8,1:0:0,0x3:0x133,umh,4,0,24,0,1,1,0,0,1,2,None,None,None,0,0,20,1,69,1,12436258,15.57, 0.36, 0:03.01, 527, 499 , 172.98 , 4984.47
167,0,8,1:0:0,0x3:0x133,umh,9,0,24,2,1,0,0,0,1,2,None,None,None,0,0,60,0,69,1,7609863,50.25, 0.92, 0:07.26, 704, 599 , 86.77 , 3045.98
168,0,8,1:0:0,0x3:0x133,umh,9,0,24,2,1,0,0,0,1,2,None,None,None,0,0,60,0,69,1,6311326,17.55, 0.41, 0:03.41, 526, 500 , 152.69 , 2524.53
169,0,8,1:0:0,0x3:0x113,umh,9,0,24,2,1,0,0,0,1,2,None,None,None,0,0,60,0,69,1,47477211,250.80, 3.99, 0:18.05, 1411, 499 , 28.45 , 19028.94
170,0,8,1:0:0,0x3:0x133,umh,9,0,24,2,1,0,0,0,1,2,None,None,None,0,0,60,0,69,1,4618457,20.75, 0.55, 0:03.29, 646, 500 , 160.07 , 1847.38
17,0,8,1:0:0,0x3:0x133,umh,9,0,24,2,1,0,0,0,1,2,None,None,None,0,0,60,0,69,1,5287351,31.38, 0.59, 0:04.59, 695, 599 , 135.59 , 2116.35
171,0,8,1:0:0,0x3:0x133,umh,9,0,24,2,1,0,0,0,None,2,None,None,None,0,0,60,0,69,1,13569726,64.10, 1.15, 0:05.83, 1117, 499 , 92.34 , 5438.77
172,0,8,1:0:0,0x3:0x133,umh,9,0,24,2,1,0,0,0,None,2,None,None,None,0,None,60,0,69,0,445748,16.16, 1.28, 0:02.55, 683, 935 , 455.17 , 178.70
173,0,8,1:0:0,0x3:0x133,umh,9,0,24,2,1,0,0,0,None,2,None,None,None,0,None,60,0,69,1,2161225,16.67, 0.51, 0:03.27, 525, 500 , 161.40 , 855.71
174,0,8,1:0:0,0x3:0x113,umh,4,0,24,2,1,1,0,8,1,2,None,None,None,0,0,20,1,69,1,56506396,191.19, 5.37, 0:16.06, 1223, 960 , 62.24 , 22602.56
175,0,8,1:0:0,0x3:0x133,umh,9,0,24,2,1,0,0,0,1,2,None,None,None,0,0,60,1,69,1,33846116,164.82, 3.03, 0:16.00, 1048, 479 , 32.46 , 13553.16
176,0,8,1:0:0,0x3:0x113,umh,4,0,24,2,1,0,0,0,1,2,None,None,None,0,40,20,0,69,1,95201,1.21, 0.38, 0:00.65, 245, 7 , 16.43 , 6528.05
177,0,8,1:0:0,0x3:0x133,umh,9,0,16,2,1,0,0,0,1,2,None,None,None,0,0,60,0,69,1,46520394,746.85, 111.50, 2:20.36, 611, 1198 , 9.53 , 18620.60
178,0,8,1:0:0,0x3:0x133,umh,9,0,24,2,1,0,0,0,None,2,None,None,None,0,0,60,0,69,1,4739294,30.80, 0.72, 0:05.06, 622, 599 , 123.18 , 1896.99
179,0,8,1:0:0,0x3:0x133,umh,9,0,24,2,1,0,0,0,1,2,None,None,None,0,0,60,0,69,1,1515735,31.91, 5.68, 0:07.41, 506, 599 , 89.46 , 606.70
180,0,8,1:0:0,0x3:0x133,umh,9,0,24,2,1,0,0,0,None,2,None,None,None,0,None,60,0,69,0,341653,10.04, 0.80, 0:02.14, 505, 600 , 341.64 , 136.66
18,0,8,1:0:0,0x3:0x133,umh,9,0,24,2,1,0,0,0,1,2,None,None,None,0,0,60,0,69,1,3273315,28.76, 0.91, 0:04.38, 677, 599 , 148.98 , 1310.20
181,0,8,1:0:0,0x3:0x133,umh,9,0,24,2,1,0,0,0,1,2,None,None,None,0,0,60,1,69,1,28655824,164.55, 1.59, 0:17.15, 968, 1199 , 72.20 , 11471.89
182,0,8,1:0:0,0x3:0x133,umh,9,0,24,2,1,0,0,0,1,2,None,None,None,0,0,60,0,69,1,1860756,11.57, 0.24, 0:02.49, 474, 600 , 257.11 , 743.56
183,0,8,1:0:0,0x3:0x133,umh,4,0,24,0,1,1,0,0,1,2,None,None,None,0,0,20,0,69,1,50776869,80.76, 2.17, 0:04.19, 1978, 240 , 61.96 , 20363.22
184,0,8,1:0:0,0x3:0x133,umh,9,0,24,2,1,0,0,0,1,2,None,None,None,0,None,60,0,69,1,5346408,21.35, 0.48, 0:03.13, 696, 599 , 202.16 , 2139.99
185,0,8,1:0:0,0x3:0x133,umh,9,0,16,2,1,0,0,0,1,2,None,None,None,0,0,60,0,69,1,3912556,23.85, 0.81, 0:04.49, 548, 479 , 114.52 , 1566.72
186,0,8,1:0:0,0x3:0x113,umh,9,0,24,2,1,0,0,0,1,2,None,None,None,0,None,60,0,69,1,18812877,135.23, 1.66, 0:09.07, 1509, 600 , 70.82 , 7517.63
187,0,8,1:0:0,0x3:0x113,umh,4,0,24,0,1,1,0,8,1,2,None,None,None,0,0,20,1,69,1,40584212,137.00, 3.43, 0:12.39, 1132, 500 , 42.13 , 16233.68
188,0,8,1:0:0,0x3:0x133,umh,9,0,24,2,1,0,0,0,None,2,None,None,None,0,None,60,0,69,1,1739917,24.60, 0.75, 0:04.14, 611, 599 , 158.37 , 696.43
189,0,8,1:0:0,0x3:0x133,umh,9,0,24,2,1,0,0,0,None,2,None,None,None,0,None,60,0,69,0,5283328,38.09, 1.12, 0:05.49, 713, 1000 , 202.82 , 2113.33
190,0,8,1:0:0,0x3:0x133,umh,9,0,24,2,1,0,0,0,1,2,None,None,None,0,0,60,0,69,1,2655917,18.11, 0.42, 0:03.88, 477, 485 , 130.34 , 1088.48
19,0,8,1:0:0,0x3:0x113,umh,9,0,16,2,1,0,0,0,1,2,None,None,None,0,0,60,0,69,1,738952,10.07, 0.24, 0:01.62, 634, 499 , 332.43 , 296.17
191,0,8,1:0:0,0x3:0x113,umh,4,0,24,0,1,1,0,8,1,2,None,None,None,0,0,20,1,69,1,59471265,184.26, 8.83, 0:20.86, 925, 1197 , 60.59 , 23792.08
192,0,8,1:0:0,0x3:0x133,umh,4,0,24,2,1,1,0,8,1,2,None,None,None,0,0,60,0,69,1,34308544,142.34, 10.85, 0:17.49, 875, 1199 , 73.68 , 13734.86
193,0,8,1:0:0,0x3:0x133,umh,4,0,24,2,1,0,0,0,1,2,None,None,None,0,0,60,1,69,1,16097282,44.72, 1.13, 0:06.51, 703, 600 , 97.94 , 6432.48
194,0,8,1:0:0,0x3:0x113,umh,9,0,24,2,1,0,0,0,1,2,None,None,None,0,0,60,0,69,1,22494680,120.97, 1.86, 0:10.33, 1188, 600 , 62.08 , 8988.88
195,0,8,1:0:0,0x3:0x133,umh,9,0,24,2,1,0,0,0,1,2,None,None,None,0,0,60,0,69,1,5616171,48.02, 0.81, 0:07.27, 671, 600 , 86.44 , 2244.22
196,0,8,1:0:0,0x3:0x133,umh,9,0,24,2,1,0,0,0,1,2,None,None,None,0,0,60,0,69,1,48720793,284.06, 3.53, 0:24.43, 1177, 1198 , 51.66 , 19501.35
197,0,8,1:0:0,0x3:0x113,umh,9,0,24,2,1,0,0,0,1,2,None,None,None,0,0,60,0,69,1,29536548,198.58, 1.72, 0:14.19, 1410, 500 , 36.70 , 11814.62
198,0,8,1:0:0,0x3:0x133,umh,9,0,24,2,1,0,0,0,1,2,None,None,None,0,0,60,0,69,1,32880019,208.05, 1.97, 0:15.80, 1328, 599 , 39.57 , 13160.80
199,0,8,1:0:0,0x3:0x133,umh,9,0,24,2,1,0,0,0,1,2,None,None,None,0,0,60,0,69,1,4361253,22.98, 0.32, 0:03.91, 595, 499 , 132.10 , 1748.00
200,0,8,1:0:0,0x3:0x133,umh,9,0,16,2,1,0,0,0,None,2,None,None,None,0,0,60,0,69,1,656815,8.19, 0.32, 0:01.82, 468, 600 , 358.51 , 262.73
20,0,8,1:0:0,0x3:0x133,umh,9,0,24,2,1,0,0,0,1,2,None,None,None,0,0,60,0,69,1,8368146,54.35, 0.85, 0:06.70, 823, 599 , 94.02 , 3349.50
2,0,8,1:0:0,0x3:0x133,umh,9,0,24,2,1,0,0,0,1,2,None,None,None,0,0,60,0,69,1,7939090,42.98, 0.67, 0:05.16, 844, 479 , 98.18 , 3182.27
201,0,8,1:0:0,0x3:0x133,umh,9,0,24,2,1,0,0,0,1,2,None,None,None,0,0,60,0,69,1,1167163,10.99, 0.28, 0:02.17, 518, 600 , 292.46 , 466.87
202,0,8,1:0:0,0x3:0x133,umh,4,0,24,2,1,1,0,8,1,2,None,None,None,0,0,20,1,69,1,5067086,23.12, 0.54, 0:03.48, 679, 599 , 179.56 , 2028.19
203,0,8,1:0:0,0x3:0x133,umh,9,0,24,2,1,0,0,0,1,2,None,None,None,0,None,60,0,69,1,13540711,34.18, 0.30, 0:04.58, 751, 599 , 134.76 , 5419.91
204,0,8,1:0:0,0x3:0x133,umh,9,0,24,2,1,0,0,0,1,2,None,None,None,0,0,60,0,69,1,1615773,11.37, 0.28, 0:02.42, 479, 599 , 259.14 , 647.39
205,0,8,1:0:0,0x3:0x133,umh,9,0,24,2,1,0,0,0,None,2,None,None,None,0,None,60,0,69,1,358309,5.03, 0.25, 0:01.18, 447, 600 , 569.41 , 143.32
206,0,8,1:0:0,0x3:0x113,umh,9,0,16,2,1,0,0,0,1,2,None,None,None,0,0,60,0,69,1,5605730,40.47, 0.76, 0:05.14, 802, 600 , 124.63 , 2240.05
207,0,8,1:0:0,0x3:0x133,umh,9,0,24,2,1,0,0,0,None,2,None,None,None,0,None,60,0,69,1,1952652,13.04, 0.23, 0:01.90, 695, 300 , 168.55 , 788.04
208,0,8,1:0:0,0x3:0x113,umh,9,0,16,2,1,0,0,0,1,2,None,None,None,0,0,60,0,69,1,17515609,220.88, 19.10, 0:37.75, 635, 1199 , 33.97 , 7012.09
209,0,8,1:0:0,0x3:0x133,umh,9,0,24,2,1,0,0,0,1,2,None,None,None,0,0,60,0,69,1,2251976,16.35, 0.41, 0:03.87, 432, 600 , 159.71 , 900.79
210,0,8,1:0:0,0x3:0x133,umh,9,0,24,2,1,0,0,0,1,2,None,None,None,0,0,60,0,69,1,151355475,870.91, 96.60, 1:04.66, 1496, 599 , 9.61 , 60582.68
21,0,8,1:0:0,0x3:0x133,umh,9,0,24,2,1,0,0,0,None,2,None,None,None,0,0,60,0,69,1,1144163,10.12, 0.38, 0:02.32, 451, 599 , 277.97 , 457.97
211,0,8,1:0:0,0x3:0x133,umh,9,0,24,2,1,0,0,0,1,2,None,None,None,0,0,60,0,69,1,4497488,45.36, 0.92, 0:05.30, 872, 600 , 122.40 , 1799.00
212,0,8,1:0:0,0x3:0x133,umh,4,0,24,0,1,1,0,0,1,2,None,None,None,0,0,20,1,69,1,52278379,77.57, 1.78, 0:07.88, 1007, 599 , 82.46 , 20925.34
213,0,8,1:0:0,0x3:0x133,umh,9,0,16,2,1,0,0,0,None,2,None,None,None,0,0,60,0,69,0,17062104,445.40, 97.53, 0:48.51, 1119, 451 , 9.81 , 9079.61
214,0,8,1:0:0,0x3:0x133,umh,9,0,24,2,1,0,0,0,1,2,None,None,None,0,None,60,0,69,1,4106309,23.69, 0.33, 0:05.44, 441, 600 , 113.23 , 1642.52
215,0,8,1:0:0,0x3:0x113,umh,9,0,16,2,1,0,0,0,1,2,None,None,None,0,0,60,0,69,1,48629973,708.26, 121.17, 1:05.87, 1259, 1200 , 19.93 , 19451.99
216,0,8,1:0:0,0x3:0x133,umh,9,0,24,2,1,0,0,0,1,2,None,None,None,0,0,60,0,69,1,1125802,10.72, 0.32, 0:02.53, 436, 600 , 251.20 , 450.32
217,0,8,1:0:0,0x3:0x133,umh,9,0,24,2,1,0,0,0,1,2,None,None,None,0,0,60,0,69,1,42012840,217.12, 2.93, 0:19.81, 1110, 1200 , 64.24 , 16805.14
218,0,8,1:0:0,0x3:0x133,umh,9,0,24,2,1,0,0,0,None,2,None,None,None,0,0,60,0,69,1,71790541,472.77, 82.96, 0:53.91, 1030, 600 , 11.76 , 28687.53
219,0,8,1:0:0,0x3:0x133,umh,4,0,24,2,1,1,0,8,1,2,None,None,None,0,0,20,1,69,1,19978457,44.65, 1.54, 0:04.13, 1118, 600 , 154.08 , 7983.40
220,0,8,1:0:0,0x3:0x133,umh,9,0,16,2,1,0,0,0,None,2,None,None,None,0,0,60,0,69,1,1520956,13.71, 0.29, 0:02.25, 620, 500 , 237.94 , 608.38
22,0,8,1:0:0,0x3:0x133,umh,9,0,24,2,1,0,0,0,None,2,None,None,None,0,0,60,0,69,1,1686642,11.39, 0.26, 0:02.31, 504, 600 , 274.73 , 674.66
221,0,8,1:0:0,0x3:0x133,umh,9,0,24,2,1,0,0,0,None,2,None,None,None,0,None,60,0,69,1,10474933,28.13, 0.43, 0:03.59, 794, 599 , 174.51 , 4192.78
222,0,8,1:0:0,0x3:0x133,umh,9,0,24,2,1,0,0,0,1,2,None,None,None,0,0,60,0,69,1,30731761,340.91, 4.61, 0:30.02, 1150, 1199 , 43.07 , 12302.96
223,0,8,1:0:0,0x3:0x133,umh,9,0,24,2,1,0,0,0,1,2,None,None,None,0,0,60,0,69,1,16095408,107.86, 1.42, 0:08.53, 1279, 479 , 59.81 , 6445.16
224,0,8,1:0:0,0x3:0x113,umh,9,0,16,2,1,0,0,0,1,2,None,None,None,0,0,60,0,69,1,2950908,100.48, 4.21, 0:23.48, 445, 1000 , 46.72 , 1180.36
225,0,8,1:0:0,0x3:0x133,umh,9,0,24,2,1,0,0,0,1,2,None,None,None,0,0,60,1,69,1,5177506,25.14, 0.43, 0:05.43, 470, 600 , 112.96 , 2071.00
226,0,8,1:0:0,0x3:0x133,umh,4,0,24,0,1,1,0,0,1,2,None,None,None,0,0,20,0,69,1,21670455,45.81, 1.27, 0:05.47, 860, 599 , 117.72 , 8682.65
227,0,8,1:0:0,0x3:0x133,umh,9,0,24,2,1,0,0,0,1,2,None,None,None,0,0,60,1,69,1,5494333,41.67, 0.88, 0:10.02, 424, 1200 , 122.77 , 2197.73
228,0,8,1:0:0,0x3:0x133,umh,9,0,16,2,1,0,0,0,None,2,None,None,None,0,0,60,0,69,0,2529664,46.23, 1.50, 0:06.91, 690, 1200 , 191.56 , 1011.87
229,0,8,1:0:0,0x3:0x133,umh,9,0,24,2,1,0,0,0,None,2,None,None,None,0,None,60,0,69,1,15788331,129.17, 2.99, 0:11.62, 1137, 1199 , 115.33 , 6320.60
230,0,8,1:0:0,0x3:0x113,umh,9,0,24,2,1,0,0,0,1,2,None,None,None,0,0,60,0,69,0,5196518,112.44, 1.28, 0:08.34, 1362, 500 , 63.72 , 2078.61
23,0,8,1:0:0,0x3:0x133,umh,4,0,24,0,1,1,0,0,1,2,None,None,None,0,0,20,0,69,1,26086658,60.47, 1.63, 0:04.50, 1378, 599 , 143.53 , 10436.06
231,0,8,1:0:0,0x3:0x133,umh,9,0,24,2,1,0,0,0,1,2,None,None,None,0,0,60,0,69,1,7257574,45.97, 0.75, 0:06.33, 737, 599 , 99.71 , 2907.88
232,0,8,1:0:0,0x3:0x133,umh,9,0,24,2,1,0,0,0,1,2,None,None,None,0,0,60,1,69,1,3183478,15.75, 0.33, 0:02.83, 568, 500 , 186.13 , 1273.39
233,0,8,1:0:0,0x3:0x133,umh,4,0,24,2,1,0,0,0,1,2,None,None,None,0,0,60,1,69,1,3861791,9.52, 0.31, 0:01.59, 618, 599 , 410.43 , 1547.30
234,0,8,1:0:0,0x3:0x133,umh,9,0,24,2,1,0,0,0,None,2,None,None,None,0,None,60,0,69,0,174891,20.15, 1.41, 0:03.21, 670, 600 , 226.62 , 69.89
235,0,8,1:0:0,0x3:0x133,umh,4,0,24,2,1,0,0,0,1,2,None,None,None,0,0,60,0,69,1,3729999,14.38, 0.44, 0:02.46, 602, 600 , 260.84 , 1490.51
236,0,8,1:0:0,0x3:0x133,umh,9,0,24,2,1,0,0,0,None,2,None,None,None,0,None,60,0,69,0,291547,2.86, 0.22, 0:00.81, 379, 480 , 691.66 , 116.62
237,0,8,1:0:0,0x3:0x113,umh,9,0,24,2,1,0,0,0,1,2,None,None,None,0,0,60,0,69,0,6228250,206.70, 3.96, 0:26.93, 782, 1200 , 48.11 , 2491.30
238,0,8,1:0:0,0x3:0x113,umh,4,0,24,2,1,0,0,0,1,2,None,None,None,0,None,None,0,69,1,4425023,12.80, 0.50, 0:02.60, 510, 600 , 250.37 , 1768.24
239,0,8,1:0:0,0x3:0x113,umh,9,0,24,2,1,0,-2,0,1,2,None,None,None,0,0,60,0,69,1,77011120,1013.74, 118.28, 1:11.42, 1584, 599 , 8.70 , 30825.05
240,0,8,1:0:0,0x3:0x133,umh,9,0,24,2,1,0,0,0,1,2,None,None,None,0,0,60,0,69,1,6184165,38.94, 1.21, 0:07.27, 551, 599 , 87.32 , 2477.80
24,0,8,1:0:0,0x3:0x133,umh,9,0,24,2,1,0,0,0,None,2,None,None,None,0,None,60,0,69,1,1661866,14.08, 0.35, 0:02.80, 515, 600 , 224.26 , 664.75
241,0,8,1:0:0,0x3:0x133,umh,9,0,24,2,1,0,0,0,1,2,None,None,None,0,0,60,1,69,1,11654241,46.91, 0.52, 0:08.29, 572, 599 , 73.80 , 4664.81
242,0,8,1:0:0,0x3:0x133,umh,9,0,24,2,1,0,0,0,None,2,None,None,None,0,None,60,0,69,1,4337053,104.95, 4.96, 0:12.25, 896, 1199 , 119.78 , 1734.53
243,0,8,1:0:0,0x3:0x133,umh,9,0,24,2,1,0,0,0,None,2,None,None,None,0,None,60,0,69,1,1898591,16.51, 0.47, 0:02.88, 588, 500 , 183.09 , 759.44
244,0,8,1:0:0,0x3:0x113,umh,9,0,24,2,1,0,0,0,1,2,None,None,None,0,0,60,0,69,1,117639417,923.97, 110.08, 1:06.18, 1562, 599 , 9.43 , 47087.24
245,0,8,1:0:0,0x3:0x133,umh,9,0,24,2,1,0,0,0,1,2,None,None,None,0,0,60,1,69,1,12465997,103.07, 2.06, 0:09.90, 1060, 600 , 65.35 , 4981.42
246,0,8,1:0:0,0x3:0x133,umh,9,0,24,2,1,0,0,0,None,2,None,None,None,0,0,60,0,69,1,1134693,6.54, 0.35, 0:01.75, 393, 600 , 373.05 , 453.88
247,0,8,1:0:0,0x3:0x133,umh,9,0,24,2,1,0,0,0,1,2,None,None,None,0,0,60,0,69,1,7668434,59.95, 1.18, 0:04.42, 1381, 600 , 144.34 , 3067.37
248,0,8,1:0:0,0x3:0x133,umh,9,0,24,2,1,0,0,0,1,2,None,None,None,0,0,60,0,69,1,4317511,38.52, 0.88, 0:08.03, 490, 1400 , 179.50 , 1727.00
249,0,8,1:0:0,0x3:0x133,umh,9,0,24,2,1,0,0,0,None,2,None,None,None,0,None,60,0,69,1,1036583,7.80, 0.24, 0:01.46, 547, 600 , 445.27 , 414.63
250,0,8,1:0:0,0x3:0x133,umh,9,0,24,2,1,0,0,0,1,2,None,None,None,0,0,60,0,69,1,1992644,8.86, 0.21, 0:01.97, 461, 500 , 267.34 , 797.06
25,0,8,1:0:0,0x3:0x113,umh,9,0,24,2,1,0,0,0,1,2,None,None,None,0,0,60,0,69,1,14644653,130.53, 1.97, 0:09.45, 1401, 600 , 68.73 , 5852.01
251,0,8,1:0:0,0x3:0x133,umh,9,0,16,2,1,0,0,0,None,2,None,None,None,0,0,60,0,69,0,945504,18.03, 0.75, 0:03.01, 623, 600 , 227.25 , 378.20
252,0,8,1:0:0,0x3:0x133,umh,9,0,24,2,1,0,0,0,1,2,None,None,None,0,0,60,0,69,1,1249128,9.31, 0.27, 0:01.98, 484, 600 , 323.03 , 499.65
253,0,8,1:0:0,0x3:0x133,umh,9,0,16,2,1,0,0,0,None,2,None,None,None,0,0,60,0,69,0,426527,6.07, 0.16, 0:01.09, 571, 209 , 211.28 , 251.67
254,0,8,1:0:0,0x3:0x133,umh,9,0,24,2,1,0,0,0,None,2,None,None,None,0,None,60,0,69,0,8376452,65.40, 1.55, 0:07.25, 922, 599 , 89.59 , 3352.82
255,0,8,1:0:0,0x3:0x133,umh,9,0,24,2,1,0,0,0,1,2,None,None,None,0,0,60,0,69,1,6079492,36.62, 1.20, 0:02.76, 1367, 500 , 205.22 , 2431.80
256,0,8,1:0:0,0x3:0x133,umh,9,0,24,2,1,0,0,0,None,2,None,None,None,0,None,60,0,69,0,4589071,91.30, 4.50, 0:25.37, 377, 1200 , 52.09 , 1835.63
257,0,8,1:0:0,0x3:0x133,umh,9,0,24,2,1,0,0,0,1,2,None,None,None,0,0,60,0,69,1,5697342,142.02, 4.77, 0:26.98, 543, 1200 , 48.67 , 2278.94
258,0,8,1:0:0,0x3:0x133,umh,9,0,24,2,1,0,0,0,None,2,None,None,None,0,0,60,0,69,1,7500961,101.60, 1.23, 0:08.59, 1196, 600 , 73.91 , 2997.39
259,0,8,1:0:0,0x3:0x133,umh,9,0,24,2,1,0,0,0,None,2,None,None,None,0,None,60,0,69,0,24117033,385.82, 101.13, 0:43.61, 1116, 599 , 14.67 , 9653.26
260,0,8,1:0:0,0x3:0x133,umh,9,0,24,2,1,0,0,0,1,2,None,None,None,0,0,60,0,69,1,3668183,20.76, 0.38, 0:03.99, 529, 599 , 154.74 , 1468.25
26,0,8,1:0:0,0x3:0x133,umh,9,0,16,2,1,0,0,0,1,2,None,None,None,0,0,60,0,69,1,2540479,19.59, 0.55, 0:03.20, 627, 599 , 199.53 , 1016.87
261,0,8,1:0:0,0x3:0x133,umh,9,0,24,2,1,0,0,0,1,2,None,None,None,0,0,60,0,69,1,32481017,198.86, 2.77, 0:21.86, 922, 1199 , 57.61 , 12990.25
262,0,8,1:0:0,0x3:0x133,umh,9,0,24,2,1,0,0,0,1,2,None,None,None,0,0,60,0,69,1,22216519,169.88, 1.80, 0:12.62, 1360, 599 , 49.90 , 8892.55
263,0,8,1:0:0,0x3:0x133,umh,9,0,24,2,1,0,0,0,1,2,None,None,None,0,0,60,0,69,1,1871940,10.51, 0.31, 0:02.70, 401, 600 , 234.59 , 748.78
264,0,8,1:0:0,0x3:0x133,umh,9,0,24,2,1,0,0,0,None,2,None,None,None,0,None,60,0,69,0,2171038,22.99, 1.09, 0:02.88, 833, 657 , 264.24 , 1340.64
265,0,8,1:0:0,0x3:0x133,umh,9,0,24,2,1,0,0,0,None,2,None,None,None,0,None,60,0,69,1,9435448,52.17, 1.09, 0:05.19, 1025, 300 , 62.27 , 3770.41
266,0,8,1:0:0,0x3:0x133,umh,4,0,24,2,1,1,0,8,1,2,None,None,None,0,0,60,1,69,1,2385240,8.75, 0.50, 0:02.03, 455, 500 , 259.62 , 954.10
267,0,8,1:0:0,0x3:0x133,umh,9,0,24,2,1,0,0,0,1,2,None,None,None,0,0,60,0,69,1,3102312,16.01, 0.40, 0:03.50, 468, 500 , 148.14 , 1240.92
268,0,8,1:0:0,0x3:0x113,umh,4,0,16,2,1,0,0,0,1,2,None,None,None,0,None,None,0,69,1,106034459,453.87, 102.49, 0:41.25, 1348, 499 , 12.77 , 42498.78
269,0,8,1:0:0,0x3:0x133,umh,9,0,16,2,1,0,0,0,None,2,None,None,None,0,0,60,0,69,0,2635433,77.45, 2.58, 0:08.11, 986, 1199 , 174.51 , 1055.05
270,0,8,1:0:0,0x3:0x133,umh,9,0,24,2,1,0,0,0,None,2,None,None,None,0,None,60,0,69,0,223139,18.31, 2.03, 0:03.89, 522, 599 , 189.22 , 89.40
27,0,8,1:0:0,0x3:0x133,umh,9,0,24,2,1,0,0,0,1,2,None,None,None,0,0,60,0,69,1,1662794,14.27, 0.42, 0:03.06, 479, 600 , 205.09 , 664.45
271,0,8,1:0:0,0x3:0x113,umh,4,0,24,2,1,0,0,0,1,2,None,None,None,0,40,20,0,69,1,93690163,379.25, 124.86, 0:34.70, 1452, 600 , 18.60 , 37476.06
272,0,8,1:0:0,0x3:0x133,umh,9,0,24,2,1,0,0,0,1,2,None,None,None,0,0,60,0,69,1,6853102,33.19, 0.83, 0:04.71, 721, 599 , 137.56 , 2743.07
273,0,8,1:0:0,0x3:0x133,umh,9,0,24,2,1,0,0,0,1,2,None,None,None,0,0,60,0,69,1,2738885,14.70, 0.39, 0:02.68, 562, 499 , 197.04 , 1097.75
274,0,8,1:0:0,0x3:0x113,umh,9,0,24,2,1,1,0,0,1,2,None,None,None,0,None,60,0,69,1,31670225,201.64, 1.66, 0:14.10, 1441, 599 , 44.25 , 12676.56
275,0,8,1:0:0,0x3:0x133,umh,9,0,24,2,1,0,0,0,1,2,None,None,None,0,0,60,0,69,1,9570065,81.03, 1.88, 0:09.17, 904, 600 , 73.08 , 3824.20
276,0,8,1:0:0,0x3:0x113,umh,9,0,16,2,1,0,0,0,None,2,None,None,None,0,0,60,0,69,0,13691309,123.18, 1.53, 0:09.50, 1312, 600 , 67.58 , 5471.05
277,0,8,1:0:0,0x3:0x113,umh,9,0,24,2,1,0,0,0,1,2,None,None,None,0,0,60,0,69,1,4092082,24.98, 0.43, 0:05.83, 435, 499 , 87.63 , 1640.11
278,0,8,1:0:0,0x3:0x133,umh,9,0,24,2,1,0,0,0,None,2,None,None,None,0,None,60,0,69,1,447538,3.31, 0.18, 0:00.96, 362, 300 , 347.50 , 179.02
279,0,8,1:0:0,0x3:0x113,umh,4,0,16,2,1,0,0,0,1,2,None,None,None,0,0,None,0,69,1,83500518,447.92, 129.96, 0:39.70, 1455, 599 , 16.12 , 33422.54
280,0,8,1:0:0,0x3:0x133,umh,4,0,24,0,1,1,0,0,1,2,None,None,None,0,0,20,0,69,1,6561659,25.91, 0.62, 0:03.78, 700, 1109 , 314.19 , 2818.50
28,0,8,1:0:0,0x3:0x133,umh,9,0,24,2,1,0,0,0,1,2,None,None,None,0,0,60,0,69,1,18177771,70.50, 1.15, 0:08.90, 805, 599 , 70.36 , 7275.97
281,0,8,1:0:0,0x3:0x113,umh,9,0,16,2,1,0,0,0,1,2,None,None,None,0,0,60,0,69,1,16220379,155.08, 1.58, 0:10.22, 1532, 600 , 62.08 , 6488.15
282,0,8,1:0:0,0x3:0x133,umh,9,0,16,2,1,0,0,0,None,2,None,None,None,0,0,60,0,69,1,4701340,41.24, 0.79, 0:05.29, 794, 480 , 96.32 , 1878.66
283,0,8,1:0:0,0x3:0x133,umh,9,0,24,2,1,0,0,0,1,2,None,None,None,0,0,60,0,69,1,9027916,58.79, 1.31, 0:06.49, 925, 500 , 83.10 , 3611.17
284,0,8,1:0:0,0x3:0x133,umh,4,0,24,0,1,1,0,0,1,2,None,None,None,0,0,20,0,69,1,164913953,622.83, 104.66, 0:39.56, 1838, 599 , 16.20 , 66009.70
285,0,8,1:0:0,0x3:0x133,umh,4,0,24,2,1,0,0,0,1,2,None,None,None,0,0,60,0,69,1,29555933,160.44, 3.86, 0:11.71, 1402, 1199 , 115.19 , 11832.23
286,0,8,1:0:0,0x3:0x133,umh,9,0,24,2,1,0,0,0,1,2,None,None,None,0,0,60,0,69,1,2038418,23.64, 0.86, 0:03.56, 688, 600 , 187.11 , 814.55
287,0,8,1:0:0,0x3:0x133,umh,4,0,24,2,1,0,0,0,1,2,None,None,None,0,0,60,0,69,1,1695252,7.16, 0.27, 0:01.21, 611, 500 , 466.93 , 678.10
288,0,8,1:0:0,0x3:0x133,umh,4,0,24,0,1,1,0,8,1,2,None,None,None,0,0,20,1,69,1,5894293,18.84, 0.54, 0:03.06, 633, 500 , 171.42 , 2354.04
289,0,8,1:0:0,0x3:0x133,umh,9,0,24,2,1,0,0,0,1,2,None,None,None,0,0,60,0,69,1,2764743,18.43, 0.30, 0:03.73, 501, 499 , 137.73 , 1108.11
290,0,8,1:0:0,0x3:0x133,umh,9,0,24,2,1,0,0,0,1,2,None,None,None,0,0,60,0,69,1,1971795,23.32, 0.81, 0:03.15, 765, 600 , 212.92 , 788.72
29,0,8,1:0:0,0x3:0x133,umh,9,0,24,2,1,0,0,0,None,2,None,None,None,0,None,60,0,69,0,964904,8.06, 0.24, 0:02.26, 366, 600 , 277.04 , 385.58
291,0,8,1:0:0,0x3:0x113,umh,4,0,24,2,1,1,0,8,1,2,None,None,None,0,0,20,1,69,1,86851864,190.19, 4.38, 0:14.19, 1370, 599 , 44.43 , 34763.98
292,0,8,1:0:0,0x3:0x133,umh,9,0,24,2,1,0,0,0,1,2,None,None,None,0,0,60,0,69,1,5965701,57.25, 1.40, 0:05.93, 987, 599 , 112.38 , 2387.88
293,0,8,1:0:0,0x3:0x133,umh,4,0,16,2,1,0,0,0,1,2,None,None,None,0,0,60,0,69,1,1556470,8.54, 0.37, 0:01.34, 660, 600 , 507.03 , 621.97
294,0,8,1:0:0,0x3:0x133,umh,9,0,16,2,1,0,0,0,None,2,None,None,None,0,0,60,0,69,1,4412947,31.40, 0.53, 0:05.62, 567, 600 , 110.60 , 1763.42
295,0,8,1:0:0,0x3:0x133,umh,9,0,24,2,1,0,0,0,None,2,None,None,None,0,None,60,0,69,0,7924843,51.55, 1.38, 0:05.63, 939, 480 , 93.37 , 3169.94
296,0,8,1:0:0,0x3:0x133,umh,9,0,24,2,1,0,0,0,1,2,None,None,None,0,0,60,0,69,1,3441570,19.64, 0.37, 0:04.31, 463, 600 , 143.49 , 1376.63
297,0,8,1:0:0,0x3:0x133,umh,9,0,24,2,1,0,0,0,None,2,None,None,None,0,None,60,0,69,1,778743,12.43, 0.51, 0:02.79, 462, 600 , 230.25 , 311.50
298,0,8,1:0:0,0x3:0x133,umh,9,0,24,2,1,0,0,0,1,2,None,None,None,0,0,60,0,69,1,2920151,19.95, 0.35, 0:03.12, 650, 600 , 201.81 , 1166.89
299,0,8,1:0:0,0x3:0x133,umh,4,0,24,2,1,0,0,0,1,2,None,None,None,0,0,20,1,69,1,15791273,43.07, 1.22, 0:05.10, 868, 600 , 126.84 , 6310.20
300,0,8,1:0:0,0x3:0x113,umh,4,0,16,2,1,0,0,0,1,2,None,None,None,0,0,20,0,69,1,7022178,28.18, 1.21, 0:03.36, 874, 480 , 166.42 , 2808.87
30,0,8,1:0:0,0x3:0x113,umh,9,0,24,2,1,0,0,0,None,2,None,None,None,0,None,60,0,69,1,10542501,90.53, 1.39, 0:06.71, 1369, 500 , 80.56 , 4217.00
3,0,8,1:0:0,0x3:0x133,umh,9,0,16,2,1,0,0,0,None,2,None,None,None,0,0,60,0,69,0,2820436,35.74, 1.20, 0:05.28, 698, 1199 , 253.42 , 1127.99
301,0,8,1:0:0,0x3:0x133,umh,9,0,24,2,1,0,0,0,1,2,None,None,None,0,0,60,0,69,1,14368168,118.04, 1.74, 0:09.37, 1277, 600 , 68.80 , 5741.53
302,0,8,1:0:0,0x3:0x133,umh,9,0,24,2,1,0,0,0,1,2,None,None,None,0,0,60,0,69,1,26934955,152.23, 1.48, 0:12.48, 1231, 600 , 50.13 , 10763.22
303,0,8,1:0:0,0x3:0x133,umh,9,0,24,2,1,0,0,0,1,2,None,None,None,0,0,60,0,69,1,15402060,86.91, 1.26, 0:07.31, 1205, 500 , 73.26 , 6160.82
304,0,8,1:0:0,0x3:0x113,umh,9,0,24,2,1,0,0,0,1,2,None,None,None,0,0,60,0,69,1,13046151,58.63, 0.76, 0:06.91, 858, 480 , 72.76 , 5218.46
305,0,8,1:0:0,0x3:0x133,umh,4,0,24,0,1,1,0,0,1,2,None,None,None,0,0,20,1,69,1,30794078,76.98, 1.92, 0:08.97, 879, 1000 , 119.02 , 12317.63
306,0,8,1:0:0,0x3:0x133,umh,9,0,24,2,1,0,0,0,None,2,None,None,None,0,None,60,0,69,0,22706127,310.48, 100.72, 0:46.14, 891, 600 , 13.71 , 9082.45
307,0,8,1:0:0,0x3:0x113,umh,4,0,16,2,1,0,0,0,1,2,None,None,None,0,0,20,0,69,1,81700486,388.47, 87.69, 0:31.82, 1496, 479 , 16.27 , 32715.71
308,0,8,1:0:0,0x3:0x133,umh,9,0,24,2,1,0,0,0,1,2,None,None,None,0,0,60,0,69,1,17229068,95.32, 1.30, 0:08.56, 1128, 500 , 62.28 , 6891.63
309,0,8,1:0:0,0x3:0x133,umh,9,0,24,2,1,0,0,0,1,2,None,None,None,0,0,60,0,69,0,1123573,16.75, 0.35, 0:02.48, 687, 597 , 256.05 , 449.75
310,0,8,1:0:0,0x3:0x133,umh,9,0,24,2,1,0,0,0,1,2,None,None,None,0,None,60,0,69,1,16461293,110.47, 1.13, 0:12.15, 918, 600 , 51.14 , 6584.52
31,0,8,1:0:0,0x3:0x133,umh,9,0,24,2,1,0,0,0,1,2,None,None,None,0,0,60,0,69,1,1206238,10.13, 0.21, 0:02.09, 493, 600 , 301.46 , 482.50
311,0,8,1:0:0,0x3:0x133,umh,9,0,24,2,1,0,0,0,1,2,None,None,None,0,0,60,0,69,1,4201330,31.46, 1.04, 0:05.67, 572, 600 , 113.95 , 1680.53
312,0,8,1:0:0,0x3:0x113,umh,9,0,24,2,1,0,0,0,1,2,None,None,None,0,None,60,0,69,1,12455641,68.39, 1.03, 0:08.60, 806, 599 , 72.63 , 4985.59
313,0,8,1:0:0,0x3:0x113,umh,9,0,24,2,1,0,0,0,1,2,None,None,None,0,0,60,1,69,1,34075319,168.73, 4.19, 0:16.68, 1036, 1200 , 75.90 , 13630.13
314,0,8,1:0:0,0x3:0x113,umh,4,0,24,0,1,1,0,0,1,2,None,None,None,0,0,20,0,69,1,47518920,90.79, 1.57, 0:08.08, 1141, 499 , 66.61 , 19045.66
315,0,8,1:0:0,0x3:0x133,umh,9,0,16,2,1,0,0,0,None,2,None,None,None,0,0,60,0,69,0,3165039,22.18, 0.43, 0:02.49, 906, 181 , 78.88 , 1267.97
316,0,8,1:0:0,0x3:0x113,umh,9,0,24,2,1,0,0,0,1,2,None,None,None,0,0,60,0,69,1,2323720,13.55, 0.22, 0:03.11, 442, 480 , 159.34 , 928.56
317,0,8,1:0:0,0x3:0x133,umh,4,0,24,2,1,1,0,0,1,2,None,None,None,0,0,60,1,69,1,29885950,124.16, 2.56, 0:09.87, 1283, 1199 , 135.92 , 11964.35
318,0,8,1:0:0,0x3:0x133,umh,9,0,16,2,1,0,0,0,None,2,None,None,None,0,0,60,0,69,0,2031524,15.00, 0.30, 0:03.38, 452, 499 , 154.77 , 813.42
319,0,8,1:0:0,0x3:0x133,umh,9,0,24,2,1,0,0,0,1,2,None,None,None,0,0,60,0,69,1,4217407,17.36, 0.50, 0:03.25, 548, 500 , 160.19 , 1686.96
320,0,8,1:0:0,0x3:0x133,umh,4,0,24,2,1,1,0,8,1,2,None,None,None,0,0,20,1,69,1,25863914,73.76, 2.29, 0:08.10, 938, 601 , 77.33 , 10328.35
32,0,8,1:0:0,0x3:0x133,umh,4,0,24,2,1,0,0,0,1,2,None,None,None,0,0,60,0,69,1,16293633,46.03, 0.86, 0:05.76, 813, 599 , 110.57 , 6521.81
321,0,8,1:0:0,0x3:0x133,umh,9,0,24,2,1,0,0,0,1,2,None,None,None,0,0,60,0,69,1,10927080,72.54, 0.97, 0:09.59, 766, 600 , 65.31 , 4366.47
322,0,8,1:0:0,0x3:0x133,umh,4,0,24,2,1,1,0,8,1,2,None,None,None,0,0,60,0,69,1,62967719,99.79, 3.05, 0:08.67, 1185, 493 , 60.29 , 28675.47
323,0,8,1:0:0,0x3:0x133,umh,9,0,24,2,1,0,0,0,1,2,None,None,None,0,0,60,0,69,1,2267907,12.91, 0.27, 0:02.83, 464, 600 , 220.80 , 907.16
324,0,8,1:0:0,0x3:0x133,umh,9,0,24,2,1,0,0,0,1,2,None,None,None,0,0,60,0,69,1,26457748,194.93, 2.19, 0:14.89, 1323, 1000 , 71.51 , 10583.10
325,0,8,1:0:0,0x3:0x133,umh,9,0,24,2,1,0,0,0,None,2,None,None,None,0,0,60,0,69,1,19948741,190.70, 1.99, 0:12.93, 1490, 600 , 48.84 , 7971.53
326,0,8,1:0:0,0x3:0x133,umh,4,0,24,0,1,1,0,0,1,2,None,None,None,0,0,20,1,69,1,13053359,23.33, 0.42, 0:04.28, 554, 599 , 146.65 , 5224.84
327,0,8,1:0:0,0x3:0x133,umh,9,0,24,2,1,0,0,0,1,2,None,None,None,0,0,60,0,69,1,3236430,27.12, 0.82, 0:03.15, 886, 388 , 135.12 , 3364.69
328,0,8,1:0:0,0x3:0x133,umh,4,0,24,2,1,0,0,0,1,2,None,None,None,0,0,60,0,69,1,6757239,20.31, 0.40, 0:03.10, 667, 600 , 203.76 , 2702.90
329,0,8,1:0:0,0x3:0x133,umh,9,0,24,2,1,0,0,0,1,2,None,None,None,0,0,60,0,69,1,146490618,546.26, 93.74, 0:44.25, 1446, 600 , 14.21 , 58537.71
330,0,8,1:0:0,0x3:0x113,umh,9,0,24,2,1,0,0,0,1,2,None,None,None,0,0,60,0,69,0,3090759,74.71, 2.64, 0:12.77, 605, 480 , 41.24 , 1236.30
33,0,8,1:0:0,0x3:0x113,umh,9,0,24,2,1,0,0,0,1,2,None,None,None,0,0,60,0,69,1,4776542,23.53, 0.47, 0:03.83, 626, 600 , 163.73 , 1908.71
331,0,8,1:0:0,0x3:0x133,umh,4,0,24,2,1,0,0,0,1,2,None,None,None,0,0,60,0,69,1,22130038,52.83, 1.01, 0:07.04, 764, 600 , 90.27 , 8852.01
332,0,8,1:0:0,0x3:0x133,umh,9,0,24,2,1,0,0,0,1,2,None,None,None,0,0,60,0,69,1,14517408,66.51, 1.05, 0:08.24, 819, 600 , 76.09 , 5806.96
333,0,8,1:0:0,0x3:0x133,umh,9,0,24,2,1,0,0,0,1,2,None,None,None,0,0,60,0,69,1,19813939,138.35, 1.81, 0:10.90, 1285, 599 , 58.26 , 7930.88
334,0,8,1:0:0,0x3:0x133,umh,4,0,24,2,1,0,0,0,1,2,None,None,None,0,0,60,1,69,1,13873318,32.75, 0.76, 0:03.88, 863, 599 , 170.28 , 5558.59
335,0,8,1:0:0,0x3:0x113,umh,4,0,24,0,1,1,0,0,1,2,None,None,None,0,0,20,0,69,1,82640893,103.54, 1.50, 0:07.66, 1371, 499 , 70.42 , 33122.60
336,0,8,1:0:0,0x3:0x133,umh,9,0,24,2,1,0,0,0,1,2,None,None,None,0,0,60,0,69,1,88821690,525.73, 123.92, 0:50.10, 1296, 599 , 12.78 , 35552.44
337,0,8,1:0:0,0x3:0x113,umh,9,0,24,2,1,0,0,0,1,2,None,None,None,0,0,60,0,69,1,3094567,19.72, 0.35, 0:04.30, 465, 479 , 114.28 , 1239.17
338,0,8,1:0:0,0x3:0x133,umh,9,0,24,2,1,0,0,0,None,2,None,None,None,0,0,60,0,69,1,11270491,99.11, 1.41, 0:07.35, 1366, 500 , 73.42 , 4508.20
339,0,8,1:0:0,0x3:0x113,umh,9,0,24,2,1,0,-2,0,None,2,None,None,None,0,None,60,0,69,1,22395946,236.42, 76.67, 0:33.73, 928, 479 , 15.06 , 8977.08
340,0,8,1:0:0,0x3:0x133,umh,9,0,24,2,1,0,0,0,1,2,None,None,None,0,0,60,0,69,1,2618009,22.95, 0.48, 0:04.14, 565, 600 , 150.90 , 1047.20
34,0,8,1:0:0,0x3:0x133,umh,9,0,24,2,1,0,0,0,1,2,None,None,None,0,0,60,0,69,1,11898817,53.29, 0.99, 0:07.37, 736, 600 , 86.10 , 4754.77
341,0,8,1:0:0,0x3:0x113,umh,4,0,16,2,1,1,0,0,1,2,None,None,None,0,0,20,0,69,1,10798814,88.10, 2.53, 0:07.88, 1150, 1000 , 144.94 , 4319.53
342,0,8,1:0:0,0x3:0x133,umh,4,0,24,2,1,0,0,0,1,2,None,None,None,0,0,60,0,69,1,29712742,107.13, 1.63, 0:08.24, 1319, 599 , 78.76 , 11893.04
343,0,8,1:0:0,0x3:0x133,umh,4,0,24,2,1,1,0,8,1,2,None,None,None,0,0,20,1,69,1,21113462,32.01, 0.80, 0:04.32, 759, 599 , 144.30 , 8451.03
344,0,8,1:0:0,0x3:0x133,umh,9,0,16,2,1,0,0,0,1,2,None,None,None,0,0,60,0,69,1,3809339,28.43, 0.47, 0:03.76, 768, 594 , 165.70 , 1525.27
345,0,8,1:0:0,0x3:0x133,umh,9,0,24,2,1,0,0,0,None,2,None,None,None,0,None,60,0,69,1,985740,5.65, 0.19, 0:01.29, 451, 276 , 231.96 , 428.58
346,0,8,1:0:0,0x3:0x133,umh,4,0,24,2,1,1,0,8,1,2,None,None,None,0,0,20,1,69,1,71574782,79.99, 2.03, 0:06.93, 1182, 599 , 91.26 , 28677.71
347,0,8,1:0:0,0x3:0x133,umh,4,0,24,2,1,0,0,0,1,2,None,None,None,0,0,60,0,69,1,2830256,9.10, 0.29, 0:01.66, 566, 599 , 389.88 , 1132.86
348,0,8,1:0:0,0x3:0x133,umh,9,0,24,2,1,0,0,0,1,2,None,None,None,0,0,60,1,69,1,6956784,42.46, 0.58, 0:08.02, 536, 1199 , 153.39 , 2782.25
349,0,8,1:0:0,0x3:0x133,umh,4,0,24,0,1,1,0,0,1,2,None,None,None,0,0,20,1,69,1,7244871,15.70, 0.36, 0:02.73, 587, 600 , 230.84 , 2895.05
350,0,8,1:0:0,0x3:0x133,umh,9,0,24,2,1,0,0,0,1,2,None,None,None,0,0,60,0,69,1,95181960,830.58, 230.11, 4:19.88, 408, 600 , 2.80 , 38034.71
35,0,8,1:0:0,0x3:0x133,umh,9,0,24,2,1,0,0,0,1,2,None,None,None,0,0,60,0,69,1,3366214,27.49, 0.88, 0:04.12, 687, 600 , 160.98 , 1345.14
351,0,8,1:0:0,0x3:0x133,umh,9,0,24,2,1,0,0,0,1,2,None,None,None,0,0,60,0,69,1,8383184,29.24, 0.61, 0:04.73, 631, 600 , 131.87 , 3349.92
352,0,8,1:0:0,0x3:0x133,umh,9,0,24,2,1,0,0,0,1,2,None,None,None,0,0,60,0,69,1,22821045,135.93, 1.71, 0:10.92, 1260, 600 , 57.77 , 9119.30
353,0,8,1:0:0,0x3:0x133,umh,9,0,24,2,1,0,0,0,None,2,None,None,None,0,None,60,0,69,1,934824,6.02, 0.14, 0:01.46, 422, 175 , 127.18 , 374.40
354,0,8,1:0:0,0x3:0x133,umh,9,0,24,2,1,0,0,0,1,2,None,None,None,0,0,60,0,69,1,14480894,86.51, 1.88, 0:07.65, 1154, 499 , 70.96 , 5803.97
355,0,8,1:0:0,0x3:0x133,umh,9,0,24,2,1,0,0,0,1,2,None,None,None,0,0,60,0,69,1,4567136,20.50, 0.52, 0:02.80, 750, 600 , 239.53 , 1826.85
356,0,8,1:0:0,0x3:0x133,umh,9,0,16,2,1,0,0,0,None,2,None,None,None,0,0,60,0,69,0,21702522,44.52, 1.24, 0:06.20, 738, 500 , 88.26 , 8681.01
357,0,8,1:0:0,0x3:0x133,umh,9,0,24,2,1,0,0,0,None,2,None,None,None,0,None,60,0,69,0,22293761,399.64, 85.73, 0:55.83, 869, 1199 , 23.86 , 8916.03
358,0,8,1:0:0,0x3:0x133,umh,9,0,24,2,1,0,0,0,1,2,None,None,None,0,0,60,0,69,1,39210515,277.86, 73.01, 0:34.03, 1031, 600 , 19.16 , 15668.54
359,0,8,1:0:0,0x3:0x133,umh,4,0,24,2,1,0,0,0,1,2,None,None,None,0,0,60,1,69,1,10765340,23.56, 0.61, 0:04.54, 532, 600 , 138.07 , 4301.83
360,0,8,1:0:0,0x3:0x133,umh,9,0,24,2,1,0,0,0,1,2,None,None,None,0,0,60,1,69,1,6369475,31.43, 0.43, 0:05.01, 635, 599 , 123.18 , 2549.49
36,0,8,1:0:0,0x3:0x133,umh,4,0,24,2,1,0,0,0,1,2,None,None,None,0,0,60,1,69,1,4994659,13.39, 0.36, 0:01.92, 716, 600 , 341.64 , 1995.87
361,0,8,1:0:0,0x3:0x133,umh,9,0,24,2,1,0,-2,0,None,2,None,None,None,0,None,60,0,69,1,34702727,228.91, 3.11, 0:19.40, 1195, 1199 , 65.20 , 13878.79
362,0,8,1:0:0,0x3:0x133,umh,9,0,16,2,1,0,0,0,1,2,None,None,None,0,0,60,0,69,0,653353,5.87, 0.32, 0:01.81, 341, 500 , 299.62 , 261.34
363,0,8,1:0:0,0x3:0x133,umh,4,0,24,2,1,0,0,0,1,2,None,None,None,0,0,60,0,69,1,17609155,55.20, 1.43, 0:04.97, 1137, 600 , 137.62 , 7043.66
364,0,8,1:0:0,0x3:0x133,umh,9,0,24,2,1,0,0,0,1,2,None,None,None,0,0,60,0,69,1,13523097,80.27, 0.99, 0:09.32, 871, 600 , 66.97 , 5409.24
365,0,8,1:0:0,0x3:0x133,umh,9,0,24,2,1,0,0,0,None,2,None,None,None,0,None,60,0,69,1,11029734,62.80, 1.64, 0:06.29, 1023, 500 , 86.94 , 4411.89
366,0,8,1:0:0,0x3:0x133,umh,9,0,24,2,1,0,0,0,1,2,None,None,None,0,0,60,0,69,1,2316024,16.87, 0.46, 0:03.64, 475, 600 , 170.61 , 926.41
367,0,8,1:0:0,0x3:0x133,umh,9,0,24,2,1,0,0,0,1,2,None,None,None,0,0,60,0,69,1,4978596,22.82, 0.46, 0:02.68, 868, 529 , 210.66 , 1979.84
368,0,8,1:0:0,0x3:0x133,umh,9,0,24,2,1,0,0,0,None,2,None,None,None,0,None,60,0,69,0,314557,8.54, 0.70, 0:01.99, 462, 600 , 360.89 , 125.82
369,0,8,1:0:0,0x3:0x133,umh,4,0,24,0,1,1,0,0,1,2,None,None,None,0,0,20,1,69,1,58046246,52.27, 1.45, 0:06.50, 825, 599 , 97.59 , 23257.26
370,0,8,1:0:0,0x3:0x113,umh,4,0,24,2,1,1,0,8,1,2,None,None,None,0,0,20,1,69,1,254729374,841.89, 327.37, 1:03.96, 1827, 500 , 8.12 , 101891.75
37,0,8,1:0:0,0x3:0x113,umh,4,0,16,2,1,0,0,0,1,2,None,None,None,0,0,20,0,69,1,19455835,157.84, 5.01, 0:28.28, 575, 1199 , 45.90 , 7788.82
371,0,8,1:0:0,0x3:0x133,umh,9,0,24,2,1,0,0,0,1,2,None,None,None,0,0,60,0,69,1,18928992,70.27, 1.05, 0:08.82, 808, 500 , 59.00 , 7571.60
372,0,8,1:0:0,0x3:0x133,umh,9,0,24,2,1,0,0,0,1,2,None,None,None,0,0,60,1,69,1,5107690,21.57, 0.64, 0:04.97, 446, 599 , 124.72 , 2044.44
373,0,8,1:0:0,0x3:0x133,umh,9,0,24,2,1,0,0,0,1,2,None,None,None,0,0,60,0,69,1,2142624,12.89, 0.28, 0:03.05, 430, 500 , 170.27 , 857.05
374,0,8,1:0:0,0x3:0x113,umh,4,0,16,2,1,0,0,0,1,2,None,None,None,0,0,None,0,69,1,7978203,39.05, 1.88, 0:05.50, 743, 1200 , 244.36 , 3191.28
375,0,8,1:0:0,0x3:0x113,umh,4,0,24,2,1,1,0,8,1,2,None,None,None,0,0,20,1,69,1,255093168,830.50, 376.50, 1:06.77, 1807, 599 , 9.35 , 102105.50
376,0,8,1:0:0,0x3:0x133,umh,9,0,24,2,1,0,0,0,1,2,None,None,None,0,None,60,0,69,1,4564354,20.48, 0.36, 0:04.90, 425, 599 , 125.67 , 1828.79
377,0,8,1:0:0,0x3:0x113,umh,4,0,24,2,1,1,0,0,1,2,None,None,None,0,None,None,0,69,1,33597969,201.75, 3.23, 0:12.92, 1586, 1200 , 102.38 , 13439.19
378,0,8,1:0:0,0x3:0x133,umh,9,0,24,2,1,0,0,0,1,2,None,None,None,0,0,60,0,69,1,882941,6.70, 0.20, 0:01.52, 454, 499 , 357.88 , 353.88
379,0,8,1:0:0,0x3:0x133,umh,9,0,24,2,1,0,0,0,None,2,None,None,None,0,0,60,0,69,0,424310,1.51, 0.10, 0:00.53, 304, 120 , 261.53 , 169.72
380,0,8,1:0:0,0x3:0x133,umh,9,0,24,2,1,0,0,0,1,2,None,None,None,0,0,60,0,69,1,17107198,65.26, 0.92, 0:08.24, 802, 499 , 62.79 , 6856.59
38,0,8,1:0:0,0x3:0x133,umh,9,0,24,2,1,0,0,0,None,2,None,None,None,0,None,60,0,69,1,736903,7.44, 0.38, 0:01.57, 498, 480 , 340.18 , 294.76
381,0,8,1:0:0,0x3:0x133,umh,9,0,24,2,1,0,0,0,1,2,None,None,None,0,0,60,0,69,1,22055763,65.37, 1.04, 0:07.35, 903, 599 , 85.76 , 8837.03
382,0,8,1:0:0,0x3:0x113,umh,4,0,24,2,1,0,0,0,1,2,None,None,None,0,0,20,0,69,1,23830018,73.70, 1.55, 0:07.36, 1021, 599 , 88.79 , 9538.38
383,0,8,1:0:0,0x3:0x133,umh,9,0,24,2,1,0,0,0,None,2,None,None,None,0,0,60,0,69,1,4711944,35.10, 0.56, 0:06.91, 515, 600 , 89.38 , 1882.89
384,0,8,1:0:0,0x3:0x133,umh,9,0,24,2,1,0,0,0,1,2,None,None,None,0,0,60,1,69,1,43593100,232.32, 1.53, 0:16.18, 1444, 499 , 31.93 , 17472.18
385,0,8,1:0:0,0x3:0x113,umh,4,0,16,2,1,0,0,0,1,2,None,None,None,0,0,20,0,69,1,3478381,22.64, 1.05, 0:02.66, 890, 600 , 259.50 , 1389.96
386,0,8,1:0:0,0x3:0x133,umh,9,0,24,2,1,0,0,0,None,2,None,None,None,0,None,60,0,69,1,1480492,10.22, 0.27, 0:02.89, 363, 600 , 216.82 , 592.20
387,0,8,1:0:0,0x3:0x133,umh,9,0,16,2,1,0,0,0,None,2,None,None,None,0,0,60,0,69,0,4156159,43.19, 0.98, 0:05.37, 822, 600 , 119.74 , 1660.80
388,0,8,1:0:0,0x3:0x113,umh,4,0,24,2,1,0,0,0,1,2,None,None,None,0,40,20,0,69,1,10373607,40.51, 1.07, 0:05.05, 822, 599 , 126.91 , 4156.37
389,0,8,1:0:0,0x3:0x133,umh,9,0,24,2,1,0,0,0,1,2,None,None,None,0,0,60,0,69,0,3170472,41.74, 1.44, 0:05.39, 800, 600 , 124.81 , 1268.19
390,0,8,1:0:0,0x3:0x113,umh,4,0,16,2,1,0,0,0,1,2,None,None,None,0,0,20,0,69,1,13170756,30.02, 1.20, 0:04.87, 640, 600 , 133.19 , 5263.04
39,0,8,1:0:0,0x3:0x133,umh,4,0,24,2,1,1,0,8,1,2,None,None,None,0,0,20,1,69,1,38811679,210.22, 7.84, 0:23.43, 930, 2398 , 106.76 , 15522.10
391,0,8,1:0:0,0x3:0x133,umh,4,0,24,0,1,1,0,8,1,2,None,None,None,0,0,20,0,69,1,8490506,21.41, 0.81, 0:03.75, 592, 600 , 168.04 , 3392.81
392,0,8,1:0:0,0x3:0x133,umh,4,0,24,2,1,0,0,0,1,2,None,None,None,0,0,60,0,69,1,2781486,9.95, 0.37, 0:02.05, 503, 599 , 312.35 , 1113.34
393,0,8,1:0:0,0x3:0x133,umh,9,0,24,2,1,0,0,0,1,2,None,None,None,0,0,60,0,69,1,1128252,6.65, 0.29, 0:01.47, 470, 600 , 457.91 , 451.30
394,0,8,1:0:0,0x3:0x133,umh,9,0,24,2,1,0,0,0,None,2,None,None,None,0,0,60,0,69,1,1246487,8.93, 0.28, 0:02.17, 424, 500 , 244.11 , 498.59
395,0,8,1:0:0,0x3:0x133,umh,9,0,24,2,1,0,0,0,1,2,None,None,None,0,0,60,0,69,1,9576453,49.16, 0.77, 0:07.61, 655, 600 , 82.23 , 3830.58
396,0,8,1:0:0,0x3:0x133,umh,9,0,24,2,1,1,0,0,1,2,None,None,None,0,0,60,1,69,1,3465488,10.87, 0.25, 0:02.40, 462, 500 , 217.26 , 1386.20
397,0,8,1:0:0,0x3:0x133,umh,9,0,24,2,1,0,0,0,1,2,None,None,None,0,0,60,1,69,1,2309087,11.26, 0.24, 0:02.97, 386, 480 , 167.62 , 922.71
398,0,8,1:0:0,0x3:0x113,umh,9,0,24,2,1,0,0,0,1,2,None,None,None,0,0,60,1,69,1,7758070,38.51, 0.36, 0:06.66, 583, 600 , 92.12 , 3103.23
399,0,8,1:0:0,0x3:0x133,umh,9,0,16,2,1,0,0,0,None,2,None,None,None,0,0,60,0,69,0,1143356,8.83, 0.54, 0:02.58, 362, 600 , 250.00 , 456.89
400,0,8,1:0:0,0x3:0x113,umh,9,0,24,2,1,0,0,0,1,2,None,None,None,0,0,60,0,69,1,29459581,147.34, 1.21, 0:10.35, 1434, 499 , 50.07 , 11807.45
40,0,8,1:0:0,0x3:0x113,umh,4,0,16,2,1,0,0,0,1,2,None,None,None,0,0,20,0,69,1,2160215,11.03, 0.26, 0:01.70, 661, 500 , 316.44 , 864.09
4,0,8,1:0:0,0x3:0x133,umh,4,0,24,0,1,1,0,0,1,2,None,None,None,0,0,20,0,69,1,34845663,48.55, 1.16, 0:05.74, 865, 600 , 110.68 , 13924.34
401,0,8,1:0:0,0x3:0x133,umh,9,0,24,2,1,0,0,0,1,2,None,None,None,0,0,60,1,69,1,2073890,12.82, 0.21, 0:02.83, 459, 474 , 173.11 , 872.22
402,0,8,1:0:0,0x3:0x133,umh,9,0,24,2,1,0,0,0,1,2,None,None,None,0,0,60,0,69,1,14642436,130.84, 1.57, 0:09.34, 1416, 479 , 54.36 , 5863.34
403,0,8,1:0:0,0x3:0x133,umh,9,0,24,2,1,0,0,0,None,2,None,None,None,0,None,60,0,69,0,80784,2.26, 0.27, 0:00.58, 434, 500 , 1084.20 , 32.31
404,0,8,1:0:0,0x3:0x113,umh,9,0,24,2,1,0,0,0,1,2,None,None,None,0,0,60,0,69,1,2648950,22.03, 0.32, 0:05.41, 413, 600 , 113.64 , 1059.58
405,0,8,1:0:0,0x3:0x133,umh,9,0,24,2,1,0,0,0,1,2,None,None,None,0,0,60,0,69,1,20141901,78.57, 0.86, 0:09.05, 877, 599 , 68.80 , 8062.15
406,0,8,1:0:0,0x3:0x133,umh,9,0,24,2,1,0,0,0,1,2,None,None,None,0,0,60,0,69,1,14454135,75.82, 0.78, 0:09.29, 823, 499 , 55.68 , 5793.24
407,0,8,1:0:0,0x3:0x133,umh,9,0,24,2,1,0,0,0,None,2,None,None,None,0,0,60,0,69,1,94834151,797.17, 116.17, 0:41.98, 2175, 499 , 12.52 , 38009.68
408,0,8,1:0:0,0x3:0x133,umh,4,0,24,2,1,1,0,8,1,2,None,None,None,0,0,20,1,69,1,36127971,67.54, 1.96, 0:06.29, 1105, 480 , 80.22 , 14451.19
409,0,8,1:0:0,0x3:0x133,umh,4,0,24,2,1,1,0,0,1,2,None,None,None,0,0,60,1,69,1,40458516,121.38, 2.59, 0:09.56, 1296, 1179 , 138.91 , 16197.13
410,0,8,1:0:0,0x3:0x113,umh,9,0,16,2,1,0,0,0,1,2,None,None,None,0,0,60,0,69,1,9047641,77.09, 1.66, 0:06.54, 1203, 600 , 102.48 , 3615.44
41,0,8,1:0:0,0x3:0x133,umh,9,0,24,2,1,0,0,0,1,2,None,None,None,0,0,60,0,69,1,86477612,1217.31, 119.97, 1:22.90, 1613, 1199 , 15.33 , 34619.90
411,0,8,1:0:0,0x3:0x113,umh,9,0,24,2,1,0,0,0,1,2,None,None,None,0,0,60,0,69,1,27603493,166.06, 1.89, 0:11.99, 1400, 480 , 42.20 , 11030.37
412,0,8,1:0:0,0x3:0x133,umh,4,0,24,2,1,1,0,8,1,2,None,None,None,0,0,20,1,69,1,27757144,35.67, 0.92, 0:03.63, 1008, 499 , 144.77 , 11125.11
413,0,8,1:0:0,0x3:0x133,umh,4,0,24,2,1,0,0,0,1,2,None,None,None,0,0,60,0,69,1,6146162,13.30, 0.30, 0:02.40, 566, 500 , 221.04 , 2458.46
414,0,8,1:0:0,0x3:0x113,umh,4,0,16,2,1,0,0,0,1,2,None,None,None,0,0,20,0,69,1,53719421,351.55, 68.02, 0:35.25, 1190, 600 , 19.40 , 21466.30
415,0,8,1:0:0,0x3:0x133,umh,9,0,24,2,1,0,0,0,1,2,None,None,None,0,0,60,1,69,1,2781899,26.00, 0.48, 0:04.41, 600, 600 , 140.89 , 1112.76
416,0,8,1:0:0,0x3:0x133,umh,9,0,24,2,1,0,0,0,None,2,None,None,None,0,None,60,0,69,0,767482,16.54, 1.26, 0:02.47, 719, 480 , 229.60 , 306.99
417,0,8,1:0:0,0x3:0x113,umh,9,0,16,2,1,0,0,0,None,2,None,None,None,0,0,60,0,69,1,9646796,111.24, 1.81, 0:08.74, 1292, 600 , 74.08 , 3854.86
418,0,8,1:0:0,0x3:0x133,umh,9,0,24,2,1,0,0,0,1,2,None,None,None,0,0,60,0,69,1,2143350,16.82, 0.50, 0:03.01, 575, 500 , 174.98 , 857.34
419,0,8,1:0:0,0x3:0x133,umh,4,0,24,0,1,1,0,0,1,2,None,None,None,0,0,20,0,69,1,7700579,15.35, 0.44, 0:02.47, 639, 600 , 261.13 , 3080.23
420,0,8,1:0:0,0x3:0x133,umh,9,0,16,2,1,0,0,0,1,2,None,None,None,0,0,60,0,69,0,2446837,24.48, 0.42, 0:02.72, 915, 600 , 235.02 , 979.45
42,0,8,1:0:0,0x3:0x113,umh,4,0,16,2,1,0,0,0,1,2,None,None,None,0,None,20,0,69,1,73453010,300.42, 77.26, 0:28.35, 1332, 480 , 18.34 , 29351.85
43,0,8,1:0:0,0x3:0x133,umh,4,0,24,2,1,1,0,8,1,2,None,None,None,0,0,20,1,69,1,59070810,164.83, 4.05, 0:12.65, 1335, 500 , 41.63 , 23628.32
44,0,8,1:0:0,0x3:0x133,umh,9,0,24,2,1,0,0,0,None,2,None,None,None,0,0,60,0,69,1,22918494,153.08, 1.58, 0:12.63, 1224, 599 , 49.85 , 9182.70
45,0,8,1:0:0,0x3:0x133,umh,9,0,24,2,1,0,0,0,1,2,None,None,None,0,0,60,1,69,1,4304552,15.77, 0.38, 0:02.91, 554, 500 , 180.08 , 1721.82
46,0,8,1:0:0,0x3:0x133,umh,4,0,24,2,1,0,0,0,1,2,None,None,None,0,0,60,0,69,1,55938917,474.06, 70.80, 1:05.50, 831, 500 , 8.67 , 22375.57
47,0,8,1:0:0,0x3:0x113,umh,9,0,24,2,1,0,0,0,1,2,None,None,None,0,0,60,0,69,1,190981429,1190.30, 100.61, 1:00.79, 2123, 600 , 10.34 , 76392.57
48,0,8,1:0:0,0x3:0x133,umh,9,0,24,2,1,1,0,0,1,2,None,None,None,0,0,20,0,69,1,32727153,142.94, 1.43, 0:10.86, 1328, 480 , 46.47 , 13077.78
49,0,8,1:0:0,0x3:0x133,umh,9,0,16,2,1,0,0,0,None,2,None,None,None,0,0,60,0,69,1,9712103,126.64, 1.50, 0:09.25, 1384, 500 , 57.25 , 3884.84
50,0,8,1:0:0,0x3:0x133,umh,4,0,24,2,1,0,0,0,1,2,None,None,None,0,0,60,1,69,1,1243452,10.01, 0.35, 0:01.52, 681, 600 , 448.41 , 496.88
5,0,8,1:0:0,0x3:0x133,umh,9,0,16,2,1,0,0,0,1,2,None,None,None,0,0,60,0,69,1,5688576,41.34, 1.08, 0:05.28, 802, 599 , 123.16 , 2276.95
51,0,8,1:0:0,0x3:0x133,umh,9,0,24,2,1,0,0,0,1,2,None,None,None,0,0,60,0,69,1,19435966,64.74, 0.81, 0:08.70, 753, 479 , 57.25 , 7782.83
52,0,8,1:0:0,0x3:0x133,umh,4,0,24,2,1,1,0,8,1,2,None,None,None,0,0,20,1,69,1,12175647,17.77, 0.96, 0:02.85, 656, 600 , 222.45 , 4870.26
53,0,8,1:0:0,0x3:0x133,umh,4,0,24,2,1,0,0,0,1,2,None,None,None,0,0,60,1,69,1,24173783,42.15, 1.08, 0:04.52, 956, 599 , 145.76 , 9685.66
54,0,8,1:0:0,0x3:0x133,umh,9,0,24,2,1,1,0,0,1,2,None,None,None,0,0,60,0,69,1,10759665,53.83, 1.43, 0:06.68, 826, 480 , 77.71 , 4299.57
55,0,8,1:0:0,0x3:0x113,umh,4,0,16,2,1,0,0,0,1,2,None,None,None,0,0,None,0,69,1,66912762,693.92, 106.71, 0:54.02, 1481, 999 , 20.22 , 26791.90
56,0,8,1:0:0,0x3:0x113,umh,4,0,24,2,1,0,0,0,1,2,None,None,None,0,None,20,0,69,1,26973176,179.51, 2.96, 0:12.76, 1429, 1199 , 103.42 , 10787.48
57,0,8,1:0:0,0x3:0x133,umh,9,0,24,2,1,0,0,0,1,2,None,None,None,0,0,60,0,69,1,10121604,42.21, 0.63, 0:06.65, 643, 399 , 62.66 , 3446.52
58,0,8,1:0:0,0x3:0x133,umh,9,0,24,2,1,0,0,0,1,2,None,None,None,0,0,60,0,69,1,4614422,22.02, 0.33, 0:04.62, 483, 600 , 133.53 , 1504.49
59,0,8,1:0:0,0x3:0x113,umh,9,0,16,2,1,0,0,0,1,2,None,None,None,0,0,60,0,69,1,12703511,228.72, 5.61, 0:29.51, 794, 1199 , 44.51 , 5080.56
60,0,8,1:0:0,0x3:0x113,umh,9,0,24,2,1,0,0,0,1,2,None,None,None,0,0,60,1,69,1,43242404,273.71, 2.52, 0:12.43, 2221, 600 , 50.76 , 17296.96
6,0,8,1:0:0,0x3:0x133,umh,9,0,24,2,1,0,0,0,1,2,None,None,None,0,0,60,0,69,1,3044308,21.44, 0.47, 0:03.42, 639, 600 , 183.03 , 1216.51
61,0,8,1:0:0,0x3:0x133,umh,9,0,24,2,1,0,0,0,1,2,None,None,None,0,0,60,1,69,1,1262900,6.76, 0.23, 0:01.53, 455, 600 , 431.79 , 505.16
62,0,8,1:0:0,0x3:0x133,umh,9,0,24,2,1,0,0,0,1,2,None,None,None,0,0,60,0,69,1,6158546,23.45, 0.41, 0:04.24, 562, 599 , 146.63 , 2465.07
63,0,8,1:0:0,0x3:0x133,umh,9,0,24,2,1,0,0,0,1,2,None,None,None,0,0,60,0,69,1,1206134,8.24, 0.22, 0:01.91, 442, 599 , 335.72 , 482.78
64,0,8,1:0:0,0x3:0x133,umh,4,0,24,2,1,1,0,8,1,2,None,None,None,0,0,20,1,69,1,25058016,61.87, 2.29, 0:06.61, 970, 599 , 95.85 , 10029.91
65,0,8,1:0:0,0x3:0x133,umh,9,0,24,2,1,0,0,0,1,2,None,None,None,0,0,60,0,69,1,1938115,14.91, 0.52, 0:02.65, 580, 592 , 237.22 , 783.55
66,0,8,1:0:0,0x3:0x133,umh,4,0,24,2,1,0,0,0,1,2,None,None,None,0,0,60,0,69,1,57645602,316.71, 4.53, 0:12.16, 2641, 1199 , 110.15 , 23054.42
67,0,8,1:0:0,0x3:0x133,umh,9,0,24,2,1,0,0,0,1,2,None,None,None,0,0,60,0,69,1,39696883,190.56, 1.49, 0:13.77, 1394, 599 , 45.43 , 15889.37
68,0,8,1:0:0,0x3:0x133,umh,4,0,24,2,1,0,0,0,1,2,None,None,None,0,0,60,0,69,1,5804901,15.92, 0.40, 0:02.90, 562, 599 , 218.14 , 2323.51
69,0,8,1:0:0,0x3:0x113,umh,4,0,16,2,1,0,0,0,1,2,None,None,None,0,0,20,0,69,1,5878491,24.27, 1.19, 0:03.15, 807, 599 , 218.58 , 2352.97
70,0,8,1:0:0,0x3:0x133,umh,9,0,24,2,1,0,0,0,1,2,None,None,None,0,0,60,0,69,1,2993765,20.37, 0.33, 0:04.61, 449, 599 , 134.28 , 1198.31
7,0,8,1:0:0,0x3:0x113,umh,4,0,24,2,1,0,0,0,1,2,None,None,None,0,None,None,0,69,1,30311446,62.59, 3.07, 0:07.10, 923, 1199 , 203.17 , 12134.69
71,0,8,1:0:0,0x3:0x113,umh,9,0,24,2,1,0,0,0,1,2,None,None,None,0,0,60,1,69,1,8905682,43.65, 0.45, 0:06.95, 634, 599 , 88.78 , 3564.66
72,0,8,1:0:0,0x3:0x133,umh,9,0,24,2,1,0,0,0,None,2,None,None,None,0,None,60,0,69,1,1290096,26.59, 0.86, 0:03.56, 770, 600 , 187.86 , 515.52
73,0,8,1:0:0,0x3:0x133,umh,9,0,24,2,1,0,0,0,1,2,None,None,None,0,0,60,0,69,1,1268579,12.19, 0.38, 0:02.89, 434, 599 , 217.21 , 507.77
74,0,8,1:0:0,0x3:0x133,umh,9,0,24,2,1,0,0,0,1,2,None,None,None,0,None,60,0,69,1,4844029,24.56, 0.37, 0:04.00, 622, 499 , 128.70 , 1941.49
75,0,8,1:0:0,0x3:0x113,umh,4,0,24,2,1,1,0,8,1,2,None,None,None,0,0,20,1,69,1,98658419,300.76, 5.66, 0:22.96, 1334, 986 , 44.60 , 41415.72
76,0,8,1:0:0,0x3:0x133,umh,4,0,24,2,1,1,0,8,1,2,None,None,None,0,0,20,1,69,1,79624283,223.41, 3.95, 0:17.26, 1316, 600 , 36.14 , 31817.90
77,0,8,1:0:0,0x3:0x133,umh,9,0,24,2,1,0,0,0,None,2,None,None,None,0,None,60,0,69,0,533570,3.89, 0.22, 0:01.12, 367, 300 , 297.73 , 213.43
78,0,8,1:0:0,0x3:0x133,umh,9,0,24,2,1,0,0,0,1,2,None,None,None,0,0,60,0,69,1,3723415,24.73, 0.42, 0:04.97, 506, 599 , 124.54 , 1491.85
79,0,8,1:0:0,0x3:0x113,umh,4,0,16,2,1,0,0,0,1,2,None,None,None,0,0,20,0,69,1,28303181,112.71, 1.74, 0:07.97, 1435, 599 , 80.72 , 11328.84
80,0,8,1:0:0,0x3:0x133,umh,9,0,24,2,1,0,0,0,1,2,None,None,None,0,0,60,1,69,1,16815923,79.74, 0.97, 0:10.25, 787, 599 , 60.86 , 6730.87
8,0,8,1:0:0,0x3:0x113,umh,4,0,24,2,1,1,0,0,1,2,None,None,None,0,None,None,0,69,1,28206043,142.51, 2.76, 0:05.70, 2546, 600 , 117.04 , 11282.42
81,0,8,1:0:0,0x3:0x133,umh,9,0,24,2,1,0,0,0,None,2,None,None,None,0,0,60,0,69,1,10265481,75.54, 1.11, 0:05.98, 1281, 598 , 105.88 , 4104.54
82,0,8,1:0:0,0x3:0x133,umh,4,0,24,2,1,0,0,8,1,2,None,None,None,0,0,60,0,69,1,20267600,89.09, 3.01, 0:12.75, 722, 1200 , 98.73 , 8107.04
83,0,8,1:0:0,0x3:0x133,umh,9,0,24,2,1,0,0,0,1,2,None,None,None,0,0,60,0,69,1,663604,10.31, 1.01, 0:02.55, 443, 600 , 274.48 , 265.44
84,0,8,1:0:0,0x3:0x113,umh,4,0,16,2,1,0,0,0,1,2,None,None,None,0,0,None,0,69,1,54455026,374.32, 103.65, 1:05.81, 726, 1154 , 19.04 , 21800.18
85,0,8,1:0:0,0x3:0x113,umh,4,0,16,2,1,0,0,0,1,2,None,None,None,0,0,20,0,69,1,69957890,585.16, 118.14, 0:49.64, 1416, 480 , 10.67 , 27955.20
86,0,8,1:0:0,0x3:0x133,umh,9,0,24,2,1,0,0,0,None,2,None,None,None,0,0,60,0,69,1,2193795,15.51, 0.41, 0:04.07, 391, 599 , 152.46 , 878.10
87,0,8,1:0:0,0x3:0x113,umh,9,0,24,2,1,1,0,0,1,2,None,None,None,0,None,60,0,69,1,44185782,232.73, 1.48, 0:12.51, 1871, 600 , 50.54 , 17656.66
88,0,8,1:0:0,0x3:0x133,umh,9,0,24,2,1,0,0,0,1,2,None,None,None,0,0,60,0,69,1,16378355,135.43, 1.74, 0:10.33, 1327, 599 , 62.06 , 6566.87
89,0,8,1:0:0,0x3:0x113,umh,4,0,24,0,1,1,0,8,1,2,None,None,None,0,0,20,0,69,1,34155696,109.02, 3.69, 0:10.55, 1067, 599 , 59.62 , 13671.42
90,0,8,1:0:0,0x3:0x133,umh,4,0,24,2,1,0,0,0,1,2,None,None,None,0,None,60,0,69,1,34083131,95.39, 1.66, 0:06.91, 1402, 599 , 94.88 , 13642.37
9,0,8,1:0:0,0x3:0x133,umh,4,0,24,0,1,1,0,0,1,2,None,None,None,0,0,20,0,69,1,19267822,36.05, 1.09, 0:03.50, 1060, 600 , 190.09 , 7707.13
91,0,8,1:0:0,0x3:0x133,umh,9,0,24,2,1,0,0,0,1,2,None,None,None,0,0,60,0,69,1,33145217,189.47, 2.22, 0:14.16, 1353, 599 , 44.18 , 13280.22
92,0,8,1:0:0,0x3:0x133,umh,9,0,24,2,1,0,0,0,1,2,None,None,None,0,0,60,1,69,1,3808748,23.85, 0.29, 0:05.68, 424, 599 , 107.64 , 1526.04
93,0,8,1:0:0,0x3:0x113,umh,9,0,24,2,1,0,0,0,None,2,None,None,None,0,0,60,0,69,0,7526735,112.68, 2.89, 0:11.84, 975, 1000 , 92.72 , 3010.69
94,0,8,1:0:0,0x3:0x113,umh,9,0,16,2,1,0,0,0,1,2,None,None,None,0,0,60,0,69,1,8553402,168.17, 4.74, 0:28.15, 614, 1200 , 46.52 , 3421.36
95,0,8,1:0:0,0x3:0x133,umh,9,0,24,2,1,0,0,0,1,2,None,None,None,0,0,60,0,69,1,14841435,84.98, 1.46, 0:07.79, 1108, 599 , 83.30 , 5940.54
96,0,8,1:0:0,0x3:0x133,umh,9,0,16,2,1,0,0,0,None,2,None,None,None,0,0,60,0,69,0,2462281,29.13, 0.77, 0:04.70, 636, 600 , 138.16 , 984.91
97,0,8,1:0:0,0x3:0x133,umh,9,0,24,2,1,0,0,0,1,2,None,None,None,0,0,60,1,69,1,2973011,16.66, 0.33, 0:03.51, 483, 600 , 177.79 , 1188.02
98,0,8,1:0:0,0x3:0x133,umh,4,0,24,2,1,0,0,0,1,2,None,None,None,0,0,60,1,69,1,3869429,12.19, 0.23, 0:02.48, 499, 500 , 210.09 , 1547.77
99,0,8,1:0:0,0x3:0x133,umh,9,0,24,2,1,0,0,0,1,2,None,None,None,0,0,60,0,69,1,3627936,29.13, 0.76, 0:04.55, 656, 599 , 142.09 , 1453.60
100,0,8,1:0:0,0x3:0x133,umh,4,0,24,0,1,1,0,0,1,2,None,None,None,0,0,20,0,69,1,27466507,46.08, 1.25, 0:05.06, 934, 595 , 125.47 , 11003.22
10,0,8,1:0:0,0x3:0x133,umh,9,0,24,2,1,0,0,0,None,2,None,None,None,0,0,60,0,69,1,4692041,47.39, 0.89, 0:06.68, 722, 600 , 94.77 , 1874.94
